	Unnamed: 0	riderId	riderName	riderNumber	riderNationality	riderTeam	riderMotortype
0	0	58	Garry McCOY	24	AUS	Red Bull Yamaha WCM	YAMAHA
1	0	59	Valentino ROSSI	46	ITA	Nastro Azzurro Honda	HONDA
2	0	60	Sete GIBERNAU	5	SPA	Repsol Honda Team	HONDA
3	0	61	Tadayuki OKADA	8	JPN	Repsol Honda Team	HONDA
4	0	62	Alex BARROS	10	BRA	Honda Pons	HONDA
5	0	63	Carlos CHECA	7	SPA	Marlboro Yamaha Team	YAMAHA
6	0	64	Kenny ROBERTS	2	USA	Telefonica Movistar Suzuki	SUZUKI
7	0	65	Tetsuya HARADA	31	JPN	Aprilia Grand Prix Racing	APRILIA
8	0	66	Jeremy McWILLIAMS	99	GBR	Aprilia Grand Prix Racing	APRILIA
9	0	67	Alex CRIVILLE	1	SPA	Repsol Honda Team	HONDA
10	0	68	Nobuatsu AOKI	9	JPN	Telefonica Movistar Suzuki	SUZUKI
11	0	69	Regis LACONI	55	FRA	Red Bull Yamaha WCM	YAMAHA
12	0	70	Norick ABE	6	JPN	Antena 3 Yamaha-D'Antin	YAMAHA
13	0	71	Sebastien GIMBERT	22	FRA	Tecmas Honda Elf	HONDA
14	0	72	Jose Luis CARDOSO	25	SPA	Maxon Dee Cee Jeans	HONDA
15	0	73	David DE GEA	11	SPA	Proton TEAM KR	MODENAS
16	0	74	Loris CAPIROSSI	65	ITA	Honda Pons	HONDA
17	0	75	Yoshiteru KONISHI	15	JPN	F.C.C. TSR	TSR-HONDA
18	0	76	Max BIAGGI	4	ITA	Marlboro Yamaha Team	YAMAHA
19	0	77	Jurgen vd GOORBERGH	17	NED	Rizla Honda	TSR-HONDA
20	0	78	Shane NORVAL	12	RSA	Sabre Sport	HONDA
21	0	79	Alex BARROS	10	BRA	Emerson Honda Pons	HONDA
22	0	80	Loris CAPIROSSI	65	ITA	Emerson Honda Pons	HONDA
23	0	89	Norick ABE	6	JPN	Antena 3 Yamaha-d'Antin	YAMAHA
24	0	90	Alex CRIVILLE	1	SPA	Repsol YPF Honda Team	HONDA
25	0	91	Sete GIBERNAU	5	SPA	Repsol YPF Honda Team	HONDA
26	0	92	Tadayuki OKADA	8	JPN	Repsol YPF Honda Team	HONDA
27	0	108	Akira RYO	19	JPN	Team Suzuki	SUZUKI
28	0	119	Yoshiteru KONISHI	15	JPN	Technical Sports Racing	TSR-HONDA
29	0	120	David DE GEA	11	SPA		MODENAS
30	0	133	Ron HASLAM	21	GBR	Sabre Sport	HONDA
31	0	134	Sebastien LE GRELLE	18	BEL	Tecmas Honda Elf	HONDA
32	0	135	Jeremy McWILLIAMS	99	GBR	Blu Aprilia Team	APRILIA
33	0	136	Tetsuya HARADA	31	JPN	Blu Aprilia Team	APRILIA
34	0	137	Sebastien LEGRELLE	18	BEL	Tecmas Honda Elf	HONDA
35	0	138	Yoshiteru KONISHI	15	JPN	FCC TSR	TSR-HONDA
36	0	147	Callum RAMSAY	23	GBR	Sabre Sport	HONDA
37	0	148	Paolo TESSARI	43	ITA	Team Paton	PATON
38	0	154	David TOMAS	33	SPA	Queroseno Racing Team	HONDA
39	0	168	Phil GILES	20	GBR	Sabre Sport	HONDA
40	0	177	John McGUINNESS	26	GBR	Demon Vimto Honda	HONDA
41	0	178	Anthony GOBERT	30	AUS	Proton TEAM KR	MODENAS
42	0	179	Loris CAPIROSSI	65	ITA		HONDA
43	0	195	Luca CADALORA	27	ITA	Proton TEAM KR	MODENAS
44	0	196	Tekkyu KAYOH	56	JPN	FCC TSR	TSR-HONDA
45	0	197	Tekkyu KAYOH	56	JPN		TSR-HONDA
46	0	217	Mark WILLIS	68	AUS	Proton TEAM KR	MODENAS
47	0	224	David TOMAS	33	SPA	Sabre Sport	HONDA
48	0	237	Tekkyu KAYOH	56	JPN	Tecmas Honda Elf	HONDA
49	0	238	Stephen BRIGGS	36	NZE	BSL	BSL
50	0	319	Tohru UKAWA	11	JPN	Repsol YPF Honda Team	HONDA
51	0	320	Noriyuki HAGA	41	JPN	Red Bull Yamaha WCM	YAMAHA
52	0	321	Alex CRIVILLE	28	SPA	Repsol YPF Honda Team	HONDA
53	0	322	Loris CAPIROSSI	65	ITA	West Honda Pons	HONDA
54	0	323	Shinya NAKANO	56	JPN	Gauloises Yamaha Tech 3	YAMAHA
55	0	324	Kenny ROBERTS	1	USA	Telefonica Movistar Suzuki	SUZUKI
56	0	325	Max BIAGGI	3	ITA	Marlboro Yamaha Team	YAMAHA
57	0	326	Alex BARROS	4	BRA	West Honda Pons	HONDA
58	0	327	Garry McCOY	5	AUS	Red Bull Yamaha WCM	YAMAHA
59	0	328	Akira RYO	33	JPN	Telefonica Movistar Suzuki	SUZUKI
60	0	329	Sete GIBERNAU	15	SPA	Telefonica Movistar Suzuki	SUZUKI
61	0	330	Jose Luis CARDOSO	10	SPA	Antena 3 Yamaha-d'Antin	YAMAHA
62	0	331	Jurgen vd GOORBERGH	17	NED	Proton TEAM KR	PROTON
63	0	332	Olivier JACQUE	19	FRA	Galuloises Yamaha Tech 3	YAMAHA
64	0	333	Haruchika AOKI	12	JPN	Arie Molenaar Racing	HONDA
65	0	334	Chris WALKER	8	GBR	Shell Advance Honda	HONDA
66	0	335	Leon HASLAM	9	GBR	Shell Advance Honda	HONDA
67	0	336	Jason VINCENT	24	GBR	Pulse GP	PULSE
68	0	337	Mark WILLIS	68	AUS	Pulse GP	PULSE
69	0	338	Barry VENEMAN	21	NED	Dee Cee Jeans Racing Team	HONDA
70	0	339	Johan STIGEFELT	16	SWE	Sabre Sport	SABRE
71	0	340	Marcus PAYTEN	14	AUS	Dee Cee Jeans Racing Team	HONDA
72	0	349	Anthony WEST	14	AUS	Dee Cee Jeans Racing Team	HONDA
73	0	350	Anthony WEST	14	AUS	Dee Cee Jeans Racing Tea	HONDA
74	0	351	Barry VENEMAN	21	NED	Dee Cee Jeans Racing Tea	HONDA
75	0	361	Vladimir CASTKA	26	SLK	Paton	PATON
76	0	362	Jason VINCENT	24	GBR		PULSE
77	0	363	Olivier JACQUE	19	FRA		YAMAHA
78	0	373	Jarno JANSSEN	32	NED	Arie Molenaar Racing	HONDA
79	0	379	Vladimir CASTKA	26	SLK	Slovnaft-Paton Grand Prix	PATON
80	0	392	Olivier JACQUE	19	FRA	Gauloises Yamaha Tech 3	YAMAHA
81	0	404	Jason VINCENT	24	GBR	Red Bull Yamaha WCM	YAMAHA
82	0	405	Sebastien GIMBERT	27	FRA	Paton Grand Prix	PATON
83	0	418	Jay VINCENT	24	GBR	Pulse GP	PULSE
84	0	419	Brendan CLARKE	18	AUS	Shell Advance Honda	HONDA
85	0	434	Shaun GERONIMI	25	AUS	Paton Grand Prix	PATON
86	0	452	Miguel TEY	37	SPA	By Queroseno Racing	HONDA
87	0	464	Yukio KAGAYAMA	64	JPN	Telefonica Movistar Suzuki	SUZUKI
88	0	475	Kurtis ROBERTS	80	USA	Proton TEAM KR	PROTON
89	0	784	Loris CAPIROSSI	65	ITA	Ducati Marlboro Team	DUCATI
90	0	990	Nicky HAYDEN	69	USA	Repsol Honda Team	HONDA
91	0	1214	Olivier JACQUE	19	FRA	Kawasaki Racing Team	KAWASAKI
92	0	1263	Valentino ROSSI	46	ITA	Yamaha Factory Racing	YAMAHA
93	0	1267	Loris CAPIROSSI	65	ITA	Ducati Team	DUCATI
94	0	1413	Chris VERMEULEN	71	AUS	Rizla Suzuki MotoGP	SUZUKI
95	0	1419	John HOPKINS	21	USA	Rizla Suzuki MotoGP	SUZUKI
96	0	1422	Dani PEDROSA	26	SPA	Repsol Honda Team	HONDA
97	0	1602	Colin EDWARDS	5	USA	FIAT Yamaha Team	YAMAHA
98	0	1603	Casey STONER	27	AUS	Ducati Marlboro Team	DUCATI
99	0	1604	Valentino ROSSI	46	ITA	FIAT Yamaha Team	YAMAHA
100	0	1605	Carlos CHECA	7	SPA	Honda LCR	HONDA
101	0	1606	Marco MELANDRI	33	ITA	Honda Gresini	HONDA
102	0	1607	Shinya NAKANO	56	JPN	Konica Minolta Honda	HONDA
103	0	1608	Alex HOFMANN	66	GER	Pramac d'Antin	DUCATI
104	0	1609	Randy DE PUNIET	14	FRA	Kawasaki Racing Team	KAWASAKI
105	0	1610	Toni ELIAS	24	SPA	Honda Gresini	HONDA
106	0	1611	Alex BARROS	4	BRA	Pramac d'Antin	DUCATI
107	0	1612	Kenny ROBERTS JR	10	USA	Team Roberts	KR212V
108	0	1613	Nicky HAYDEN	1	USA	Repsol Honda Team	HONDA
109	0	1614	Sylvain GUINTOLI	50	FRA	Dunlop Yamaha Tech 3	YAMAHA
110	0	1615	Andrew PITT	88	AUS	Ilmor GP	ILMOR
111	0	1616	Makoto TAMADA	6	JPN	Dunlop Yamaha Tech 3	YAMAHA
112	0	1617	Jeremy McWILLIAMS	99	GBR	Ilmor GP	ILMOR
113	0	1618	Colin EDWARDS	5	USA	Fiat Yamaha Team	YAMAHA
114	0	1619	Valentino ROSSI	46	ITA	Fiat Yamaha Team	YAMAHA
115	0	1631	Kousuke AKIYOSHI	64	JPN	Rizla Suzuki MotoGP	SUZUKI
116	0	1649	Fonsi NIETO	11	SPA	Kawasaki Racing Team	KAWASAKI
117	0	1657	Kurtis ROBERTS	80	USA	Team Roberts	KR212V
118	0	1674	Anthony WEST	13	AUS	Kawasaki Racing Team	KAWASAKI
119	0	1691	Michel FABRIZIO	84	ITA	Honda Gresini	HONDA
120	0	1692	Casey STONER	27	AUS	Ducati Team	DUCATI
121	0	1693	Roger Lee HAYDEN	95	USA	Kawasaki Racing Team	KAWASAKI
122	0	1694	Miguel DUHAMEL	17	CAN	Honda Gresini	HONDA
123	0	1695	Chaz DAVIES	57	GBR	Pramac d'Antin	DUCATI
124	0	1704	Ivan SILVA	22	SPA	Pramac d'Antin	DUCATI
125	0	1727	Akira YANAGAWA	87	JPN	Kawasaki Racing Team	KAWASAKI
126	0	1728	Shinichi ITO	72	JPN	Pramac d'Antin	DUCATI
127	0	1739	Nobuatsu AOKI	9	JPN	Rizla Suzuki MotoGP	SUZUKI
128	0	1792	Casey STONER	1	AUS	Ducati Marlboro Team	DUCATI
129	0	1793	Jorge LORENZO	48	SPA	Fiat Yamaha Team	YAMAHA
130	0	1794	Andrea DOVIZIOSO	4	ITA	JiR Team Scot MotoGP	HONDA
131	0	1795	Dani PEDROSA	2	SPA	Repsol Honda Team	HONDA
132	0	1796	Randy DE PUNIET	14	FRA	LCR Honda MotoGP	HONDA
133	0	1797	Colin EDWARDS	5	USA	Tech 3 Yamaha	YAMAHA
134	0	1798	James TOSELAND	52	GBR	Tech 3 Yamaha	YAMAHA
135	0	1799	John HOPKINS	21	USA	Kawasaki Racing Team	KAWASAKI
136	0	1800	Marco MELANDRI	33	ITA	Ducati Marlboro Team	DUCATI
137	0	1801	Loris CAPIROSSI	65	ITA	Rizla Suzuki MotoGP	SUZUKI
138	0	1802	Alex DE ANGELIS	15	RSM	San Carlo Honda Gresini	HONDA
139	0	1803	Shinya NAKANO	56	JPN	San Carlo Honda Gresini	HONDA
140	0	1804	Chris VERMEULEN	7	AUS	Rizla Suzuki MotoGP	SUZUKI
141	0	1805	Toni ELIAS	24	SPA	Alice Team	DUCATI
142	0	1806	Sylvain GUINTOLI	50	FRA	Alice Team	DUCATI
143	0	1807	Niccolo CANEPA	59	ITA	Ducati Marlboro Team	DUCATI
144	0	1808	Vittoriano GUARESCHI	22	ITA	Ducati Marlboro Team	DUCATI
145	0	1837	Ben SPIES	11	USA	Rizla Suzuki MotoGP	SUZUKI
146	0	1854	Casey STONER	1	AUS	Ducati Team	DUCATI
147	0	1855	Marco MELANDRI	33	ITA	Ducati Team	DUCATI
148	0	1856	Jamie HACKING	12	USA	Kawasaki Racing Team	KAWASAKI
149	0	1950	Colin EDWARDS	5	USA	Monster Yamaha Tech 3	YAMAHA
150	0	1951	Jorge LORENZO	99	SPA	Fiat Yamaha Team	YAMAHA
151	0	1952	Mika KALLIO	36	FIN	Pramac Racing	DUCATI
152	0	1953	Andrea DOVIZIOSO	4	ITA	Repsol Honda Team	HONDA
153	0	1954	Marco MELANDRI	33	ITA	Hayate Racing Team	KAWASAKI
154	0	1955	James TOSELAND	52	GBR	Monster Yamaha Tech 3	YAMAHA
155	0	1956	Toni ELIAS	24	SPA	San Carlo Honda Gresini	HONDA
156	0	1957	Nicky HAYDEN	69	USA	Ducati Marlboro Team	DUCATI
157	0	1958	Yuki TAKAHASHI	72	JPN	Scot Racing Team MotoGP	HONDA
158	0	1959	Sete GIBERNAU	59	SPA	Grupo Francisco Hernando	DUCATI
159	0	1960	Niccolo CANEPA	88	ITA	Pramac Racing	DUCATI
160	0	1961	Dani PEDROSA	3	SPA	Repsol Honda Team	HONDA
161	0	1993	Gabor TALMACSI	41	HUN	Scot Racing Team MotoGP	HONDA
162	0	2001	Nicky HAYDEN	69	USA	Ducati Team	DUCATI
163	0	2020	Mika KALLIO	36	FIN	Ducati Marlboro Team	DUCATI
164	0	2021	Michel FABRIZIO	84	ITA	Pramac Racing	DUCATI
165	0	2025	Mika KALLIO	36	FIN	Ducati Team	DUCATI
166	0	2026	Aleix ESPARGARO	44	SPA	Pramac Racing	DUCATI
167	0	2049	Ben SPIES	11	USA	Sterilgarda Yamaha Team	YAMAHA
168	0	2117	Ben SPIES	11	USA	Monster Yamaha Tech 3	YAMAHA
169	0	2118	Alvaro BAUTISTA	19	SPA	Rizla Suzuki MotoGP	SUZUKI
170	0	2119	Mika KALLIO	36	FIN	Pramac Racing Team	DUCATI
171	0	2120	Hector BARBERA	40	SPA	Paginas Amarillas Aspar	DUCATI
172	0	2121	Marco SIMONCELLI	58	ITA	San Carlo Honda Gresini	HONDA
173	0	2122	Aleix ESPARGARO	41	SPA	Pramac Racing Team	DUCATI
174	0	2123	Marco MELANDRI	33	ITA	San Carlo Honda Gresini	HONDA
175	0	2124	Hiroshi AOYAMA	7	JPN	Interwetten Honda MotoGP	HONDA
176	0	2162	Kousuke AKIYOSHI	64	JPN	Interwetten Honda MotoGP	HONDA
177	0	2171	Wataru YOSHIKAWA	8	JPN	Fiat Yamaha Team	YAMAHA
178	0	2179	Alex DE ANGELIS	15	RSM	Interwetten Honda MotoGP	HONDA
179	0	2180	Roger Lee HAYDEN	95	USA	LCR Honda MotoGP	HONDA
180	0	2232	Carlos CHECA	71	SPA	Pramac Racing Team	DUCATI
181	0	2307	Casey STONER	27	AUS	Repsol Honda Team	HONDA
182	0	2308	Hector BARBERA	8	SPA	Mapfre Aspar Team MotoGP	DUCATI
183	0	2309	Valentino ROSSI	46	ITA	Ducati Team	DUCATI
184	0	2310	Ben SPIES	11	USA	Yamaha Factory Racing	YAMAHA
185	0	2311	Jorge LORENZO	1	SPA	Yamaha Factory Racing	YAMAHA
186	0	2312	Randy DE PUNIET	14	FRA	Pramac Racing Team	DUCATI
187	0	2313	Hiroshi AOYAMA	7	JPN	San Carlo Honda Gresini	HONDA
188	0	2314	Loris CAPIROSSI	65	ITA	Pramac Racing Team	DUCATI
189	0	2315	Cal CRUTCHLOW	35	GBR	Monster Yamaha Tech 3	YAMAHA
190	0	2316	Karel ABRAHAM	17	CZE	Cardion AB Motoracing	DUCATI
191	0	2317	Toni ELIAS	24	SPA	LCR Honda MotoGP	HONDA
192	0	2350	Hiroshi AOYAMA	7	JPN	Repsol Honda Team	HONDA
193	0	2351	Kousuke AKIYOSHI	64	JPN	San Carlo Honda Gresini	HONDA
194	0	2364	Sylvain GUINTOLI	50	FRA	Pramac Racing Team	DUCATI
195	0	2365	Ben BOSTROM	23	USA	LCR Honda MotoGP	HONDA
196	0	2395	Kousuke AKIYOSHI	64	JPN	LCR Honda MotoGP	HONDA
197	0	2396	Shinichi ITO	72	JPN	Honda Racing Team	HONDA
198	0	2397	Damian CUDLIN	6	AUS	Pramac Racing Team	DUCATI
199	0	2403	Damian CUDLIN	6	AUS	Mapfre Aspar Team MotoGP	DUCATI
200	0	2409	Katsuyuki NAKASUGA	89	JPN	Yamaha Factory Racing	YAMAHA
201	0	2414	Josh HAYES	41	USA	Monster Yamaha Tech 3	YAMAHA
202	0	2475	Casey STONER	1	AUS	Repsol Honda Team	HONDA
203	0	2476	Jorge LORENZO	99	SPA	Yamaha Factory Racing	YAMAHA
204	0	2477	Alvaro BAUTISTA	19	SPA	San Carlo Honda Gresini	HONDA
205	0	2478	Andrea DOVIZIOSO	4	ITA	Monster Yamaha Tech 3	YAMAHA
206	0	2479	Hector BARBERA	8	SPA	Pramac Racing Team	DUCATI
207	0	2480	Stefan BRADL	6	GER	LCR Honda MotoGP	HONDA
208	0	2481	Randy DE PUNIET	14	FRA	Power Electronics Aspar	ART
209	0	2482	Colin EDWARDS	5	USA	NGM Mobile Forward Racing	SUTER
210	0	2483	Michele PIRRO	51	ITA	San Carlo Honda Gresini	FTR
211	0	2484	Aleix ESPARGARO	41	SPA	Power Electronics Aspar	ART
212	0	2485	Ivan SILVA	22	SPA	Avintia Blusens	BQR-FTR
213	0	2486	Mattia PASINI	54	ITA	Speed Master	ART
214	0	2487	Yonny HERNANDEZ	68	COL	Avintia Blusens	BQR-FTR
215	0	2488	Danilo PETRUCCI	9	ITA	Came IodaRacing Project	IODA
216	0	2489	James ELLISON	77	GBR	Paul Bird Motorsport	ART
217	0	2499	Ivan SILVA	22	SPA	Avintia Blusens	BQR
218	0	2500	Yonny HERNANDEZ	68	COL	Avintia Blusens	BQR
219	0	2518	Chris VERMEULEN	7	AUS	NGM Mobile Forward Racing	SUTER
220	0	2538	Franco BATTAINI	2	ITA	Cardion AB Motoracing	DUCATI
221	0	2544	Toni ELIAS	24	SPA	Pramac Racing Team	DUCATI
222	0	2551	Steve RAPP	15	USA	Attack Performance	APR
223	0	2552	Aaron YATES	20	USA	GPTech	BCL
224	0	2567	Danilo PETRUCCI	9	ITA	Came IodaRacing Project	IODA-SUTER
225	0	2568	David SALOM	44	SPA	Avintia Blusens	BQR
226	0	2569	Jonathan REA	56	GBR	Repsol Honda Team	HONDA
227	0	2582	Katsuyuki NAKASUGA	21	JPN	Yamaha YSP Racing Team	YAMAHA
228	0	2583	Roberto ROLFO	84	ITA	Speed Master	ART
229	0	2595	Katsuyuki NAKASUGA	21	JPN	Yamaha Factory Racing	YAMAHA
230	0	2596	Hiroshi AOYAMA	73	JPN	Avintia Blusens	BQR
231	0	2597	Claudio CORTI	71	ITA	Avintia Blusens	INMOTEC
232	0	2656	Marc MARQUEZ	93	SPA	Repsol Honda Team	HONDA
233	0	2657	Andrea DOVIZIOSO	4	ITA	Ducati Team	DUCATI
234	0	2658	Alvaro BAUTISTA	19	SPA	GOFUN Honda Gresini	HONDA
235	0	2659	Bradley SMITH	38	GBR	Monster Yamaha Tech 3	YAMAHA
236	0	2660	Andrea IANNONE	29	ITA	Energy T.I. Pramac Racing	DUCATI
237	0	2661	Ben SPIES	11	USA	Ignite Pramac Racing	DUCATI
238	0	2662	Hector BARBERA	8	SPA	Avintia Blusens	FTR
239	0	2663	Karel ABRAHAM	17	CZE	Cardion AB Motoracing	ART
240	0	2664	Colin EDWARDS	5	USA	NGM Mobile Forward Racing	FTR
241	0	2665	Yonny HERNANDEZ	68	COL	Paul Bird Motorsport	ART
242	0	2666	Hiroshi AOYAMA	7	JPN	Avintia Blusens	FTR
243	0	2667	Claudio CORTI	71	ITA	NGM Mobile Forward Racing	FTR
244	0	2668	Bryan STARING	67	AUS	GOFUN Honda Gresini	FTR
245	0	2669	Lukas PESEK	52	CZE	Came IodaRacing Project	IODA-SUTER
246	0	2670	Michael LAVERTY	70	GBR	Paul Bird Motorsport	PBM
247	0	2673	Blake YOUNG	79	USA	Attack Performance Racing	APR
248	0	2682	Michele PIRRO	51	ITA	Ducati Test Team	DUCATI
249	0	2689	Michele PIRRO	51	ITA	Ignite Pramac Racing	DUCATI
250	0	2696	Javier DEL AMOR	77	SPA	Avintia Blusens	FTR
251	0	2699	Ivan SILVA	22	SPA	Avintia Blusens	FTR
252	0	2706	Alex DE ANGELIS	15	RSM	Ignite Pramac Racing	DUCATI
253	0	2713	Martin BAUER	45	AUT	Remus Racing Team	SB
254	0	2727	Yonny HERNANDEZ	68	COL	Ignite Pramac Racing	DUCATI
255	0	2728	Luca SCASSA	23	ITA	Cardion AB Motoracing	ART
256	0	2729	Michael LAVERTY	70	GBR	Paul Bird Motorsport	ART
257	0	2730	Damian CUDLIN	50	AUS	Paul Bird Motorsport	PBM
258	0	2803	Aleix ESPARGARO	41	SPA	NGM Forward Racing	FORWARD
259	0	2804	Andrea IANNONE	29	ITA	Pramac Racing	DUCATI
260	0	2805	Pol ESPARGARO	44	SPA	Monster Yamaha Tech 3	YAMAHA
261	0	2806	Valentino ROSSI	46	ITA	Movistar Yamaha MotoGP	YAMAHA
262	0	2807	Colin EDWARDS	5	USA	NGM Forward Racing	FORWARD
263	0	2808	Jorge LORENZO	99	SPA	Movistar Yamaha MotoGP	YAMAHA
264	0	2809	Nicky HAYDEN	69	USA	Drive M7 Aspar	HONDA
265	0	2810	Cal CRUTCHLOW	35	GBR	Ducati Team	DUCATI
266	0	2811	Yonny HERNANDEZ	68	COL	Energy T.I. Pramac Racing	DUCATI
267	0	2812	Karel ABRAHAM	17	CZE	Cardion AB Motoracing	HONDA
268	0	2813	Hiroshi AOYAMA	7	JPN	Drive M7 Aspar	HONDA
269	0	2814	Hector BARBERA	8	SPA	Avintia Racing	AVINTIA
270	0	2815	Scott REDDING	45	GBR	GOFUN Honda Gresini	HONDA
271	0	2816	Mike DI MEGLIO	63	FRA	Avintia Racing	AVINTIA
272	0	2817	Danilo PETRUCCI	9	ITA	IodaRacing Project	ART
273	0	2818	Broc PARKES	23	AUS	Paul Bird Motorsport	PBM
274	0	2821	Michele PIRRO	51	ITA	Ducati Team	DUCATI
275	0	2836	Michel FABRIZIO	84	ITA	Octo IodaRacing Team	ART
276	0	2841	Danilo PETRUCCI	9	ITA	Octo IodaRacing Team	ART
277	0	2848	Leon CAMIER	2	GBR	Drive M7 Aspar	HONDA
278	0	2851	Alex DE ANGELIS	15	RSM	NGM Forward Racing	FORWARD
279	0	2865	Hector BARBERA	8	SPA	Avintia Racing	DUCATI
280	0	2871	Katsuyuki NAKASUGA	21	JPN	YAMALUBE Racing Team with	YAMAHA
281	0	2883	Randy DE PUNIET	14	FRA	Team Suzuki MotoGP	SUZUKI
282	0	2940	Aleix ESPARGARO	41	SPA	Team SUZUKI ECSTAR	SUZUKI
283	0	2941	Cal CRUTCHLOW	35	GBR	CWM LCR Honda	HONDA
284	0	2942	Danilo PETRUCCI	9	ITA	Pramac Racing	DUCATI
285	0	2943	Yonny HERNANDEZ	68	COL	Pramac Racing	DUCATI
286	0	2944	Andrea IANNONE	29	ITA	Ducati Team	DUCATI
287	0	2945	Scott REDDING	45	GBR	Estrella Galicia 0,0 Marc VDS	HONDA
288	0	2946	Stefan BRADL	6	GER	Athin Forward Racing	YAMAHA
289	0	2947	Karel ABRAHAM	17	CZE	AB Motoracing	HONDA
290	0	2948	Alex DE ANGELIS	15	RSM	Octo IodaRacing Team	ART
291	0	2949	Maverick VIALES	25	SPA	Team SUZUKI ECSTAR	SUZUKI
292	0	2950	Jack MILLER	43	AUS	CWM LCR Honda	HONDA
293	0	2951	Loris BAZ	76	FRA	Athin Forward Racing	YAMAHA
294	0	2952	Nicky HAYDEN	69	USA	Aspar MotoGP Team	HONDA
295	0	2953	Alvaro BAUTISTA	19	SPA	Aprilia Racing Team Gresini	APRILIA
296	0	2954	Eugene LAVERTY	50	IRL	Aspar MotoGP Team	HONDA
297	0	2955	Mike DI MEGLIO	63	FRA	Avintia Racing	DUCATI
298	0	2956	Marco MELANDRI	33	ITA	Aprilia Racing Team Gresini	APRILIA
299	0	2957	Scott REDDING	45	GBR	EG 0,0 Marc VDS	HONDA
300	0	2967	Yonny HERNANDEZ	68	COL	Octo Pramac Racing	DUCATI
301	0	2968	Danilo PETRUCCI	9	ITA	Octo Pramac Racing	DUCATI
302	0	2969	Alex DE ANGELIS	15	RSM	E-Motion IodaRacing Team	ART
303	0	2976	Hiroshi AOYAMA	7	JPN	AB Motoracing	HONDA
304	0	2977	Michael LAVERTY	70	GBR	Aprilia Racing Team Gresini	APRILIA
305	0	2978	Claudio CORTI	71	ITA	Athin Forward Racing	YAMAHA
306	0	2982	Stefan BRADL	6	GER	Aprilia Racing Team Gresini	APRILIA
307	0	2983	Toni ELIAS	24	SPA	AB Motoracing	HONDA
308	0	2988	Loris BAZ	76	FRA	Forward Racing	YAMAHA
309	0	2989	Claudio CORTI	71	ITA	Forward Racing	YAMAHA
310	0	2994	Cal CRUTCHLOW	35	GBR	LCR Honda	HONDA
311	0	2995	Jack MILLER	43	AUS	LCR Honda	HONDA
312	0	3006	Toni ELIAS	24	SPA	Forward Racing	YAMAHA
313	0	3011	Takumi TAKAHASHI	72	JPN	Team HRC with Nissin	HONDA
314	0	3012	Katsuyuki NAKASUGA	21	JPN	Yamaha Factory Racing Team	YAMAHA
315	0	3013	Kousuke AKIYOSHI	64	JPN	AB Motoracing	HONDA
316	0	3017	Anthony WEST	13	AUS	AB Motoracing	HONDA
317	0	3018	Damian CUDLIN	55	AUS	E-Motion IodaRacing Team	ART
318	0	3021	Broc PARKES	23	AUS	E-Motion IodaRacing Team	ART
319	0	3069	Scott REDDING	45	GBR	OCTO Pramac Yakhnich	DUCATI
320	0	3070	Loris BAZ	76	FRA	Avintia Racing	DUCATI
321	0	3071	Jack MILLER	43	AUS	Estrella Galicia 0,0 Marc VDS	HONDA
322	0	3072	Danilo PETRUCCI	9	ITA	OCTO Pramac Yakhnich	DUCATI
323	0	3073	Yonny HERNANDEZ	68	COL	Aspar Team MotoGP	DUCATI
324	0	3074	Eugene LAVERTY	50	IRL	Aspar Team MotoGP	DUCATI
325	0	3075	Tito RABAT	53	SPA	Estrella Galicia 0,0 Marc VDS	HONDA
326	0	3076	Michele PIRRO	51	ITA	OCTO Pramac Yakhnich	DUCATI
327	0	3085	Michele PIRRO	51	ITA	Avintia Racing	DUCATI
328	0	3093	Yonny HERNANDEZ	68	COL	Pull  Bear Aspar Ducati Team	DUCATI
329	0	3094	Eugene LAVERTY	50	IRL	Pull  Bear Aspar Ducati Team	DUCATI
330	0	3095	Yonny HERNANDEZ	68	COL	Pull  Bear Aspar Team	DUCATI
331	0	3096	Eugene LAVERTY	50	IRL	Pull  Bear Aspar Team	DUCATI
332	0	3107	Alex LOWES	22	GBR	Monster Yamaha Tech 3	YAMAHA
333	0	3111	Javier FORES	12	SPA	Avintia Racing	DUCATI
334	0	3117	Nicky HAYDEN	69	USA	Estrella Galicia 0,0 Marc VDS	HONDA
335	0	3125	Hector BARBERA	8	SPA	Ducati Team	DUCATI
336	0	3126	Katsuyuki NAKASUGA	21	JPN	Yamalube Yamaha Factory Rac	YAMAHA
337	0	3127	Mike JONES	7	AUS	Avintia Racing	DUCATI
338	0	3128	Hiroshi AOYAMA	73	JPN	Repsol Honda Team	HONDA
339	0	3139	Mika KALLIO	36	FIN	Red Bull KTM Factory Racing	KTM
340	0	3193	Maverick VIALES	25	SPA	Movistar Yamaha MotoGP	YAMAHA
341	0	3194	Jonas FOLGER	94	GER	Monster Yamaha Tech 3	YAMAHA
342	0	3195	Jorge LORENZO	99	SPA	Ducati Team	DUCATI
343	0	3196	Loris BAZ	76	FRA	Reale Avintia Racing	DUCATI
344	0	3197	Johann ZARCO	5	FRA	Monster Yamaha Tech 3	YAMAHA
345	0	3198	Aleix ESPARGARO	41	SPA	Aprilia Racing Team Gresini	APRILIA
346	0	3199	Scott REDDING	45	GBR	OCTO Pramac Racing	DUCATI
347	0	3200	Andrea IANNONE	29	ITA	Team SUZUKI ECSTAR	SUZUKI
348	0	3201	Alvaro BAUTISTA	19	SPA	PullBear Aspar Team	DUCATI
349	0	3202	Karel ABRAHAM	17	CZE	PullBear Aspar Team	DUCATI
350	0	3203	Danilo PETRUCCI	9	ITA	OCTO Pramac Racing	DUCATI
351	0	3204	Jack MILLER	43	AUS	EG 0,0 Marc VDS	HONDA
352	0	3205	Alex RINS	42	SPA	Team SUZUKI ECSTAR	SUZUKI
353	0	3206	Tito RABAT	53	SPA	EG 0,0 Marc VDS	HONDA
354	0	3207	Hector BARBERA	8	SPA	Reale Avintia Racing	DUCATI
355	0	3208	Pol ESPARGARO	44	SPA	Red Bull KTM Factory Racing	KTM
356	0	3209	Sam LOWES	22	GBR	Aprilia Racing Team Gresini	APRILIA
357	0	3210	Bradley SMITH	38	GBR	Red Bull KTM Factory Racing	KTM
358	0	3224	Takuya TSUDA	12	JPN	Team SUZUKI ECSTAR	SUZUKI
359	0	3226	Sylvain GUINTOLI	50	FRA	Team SUZUKI ECSTAR	SUZUKI
360	0	3259	Kohta NOZANE	31	JPN	Monster Yamaha Tech 3	YAMAHA
361	0	3260	Hiroshi AOYAMA	7	JPN	EG 0,0 Marc VDS	HONDA
362	0	3262	Broc PARKES	23	AUS	Monster Yamaha Tech 3	YAMAHA
363	0	3265	Michael VAN DER MARK	60	NED	Monster Yamaha Tech 3	YAMAHA
